
[
    {
        "id": 0,
        "lat": 17.445251, 
        "lon": 78.346259,
        "aqi": 90
    },
    {
        "id": 1,
        "lat": 17.445620, 
        "lon": 78.351034,
        "aqi": 10
    },
    {
        "id": 2,
        "lat": 17.446316, 
        "lon": 78.350347,
        "aqi": 78
    },
    {
        "id": 3,
        "lat": 17.447452, 
        "lon": 78.349102,
        "aqi": 50
    },
    {
        "id": 4,
        "lat": 17.447391,
        "lon":  78.348158,
        "aqi": 67
    },
    {
        "id": 5,
        "lat": 17.445579, 
        "lon": 78.349456,
        "aqi": 65
    },
    {
        "id": 6,
        "lat": 17.446019, 
        "lon": 78.347826,
        "aqi": 106
    },
    {
        "id": 7,
        "lat": 17.3822047957392,
        "lon": 78.34294645487903,
        "aqi": 82
    },
    {
        "id": 8,
        "lat": 17.48912904158906,
        "lon": 78.30161546213209,
        "aqi": 118
    },
    {
        "id": 9,
        "lat": 17.373075443852557,
        "lon": 78.32906263876527,
        "aqi": 86
    }
]
